panel,setting,LPIPS,SSIM,PSNR_dB
encoder,random,0.1432668454225773,0.7230725935008565,21.730393682893776
encoder,roi,0.28249642957092785,0.5065538922952095,15.77769718239585
encoder,uniform_coverage,0.1161907062661357,0.7591038328980932,23.17382806814502
encoder,detail_random,0.24522627262413743,0.576272974670389,17.836452588419586
encoder,detail_tiebreak,0.11041944042582641,0.7692927574985913,23.616062983665657
encoder,subject_random,0.23596202547290945,0.5797765865150288,18.198753587225035
encoder,subject_tiebreak,0.10710296740119413,0.7733858427807537,23.78141590087849
encoder,ours,0.09655323399730571,0.7933117917258518,24.81310066039663
decoder,S0_C0_A0,0.35392262405011715,0.5286955953748945,18.220858271934947
decoder,S1_C0_A0,0.34276796732007003,0.5372782290666637,18.345094706096873
decoder,S0_C1_A0,0.1792377671454011,0.6808131190884633,20.76663486594364
decoder,S1_C1_A0,0.16553141507206529,0.6900598369405748,20.99246759631502
decoder,S0_C0_A1,0.16212297664818967,0.670851534076307,19.989883478464662
decoder,S1_C0_A1,0.1497536288210895,0.6797856309239176,20.1720034619685
decoder,S0_C1_A1,0.11213361070968392,0.7838822163666994,24.281787560807764
decoder,ours,0.09655323399730571,0.7933117917258518,24.81310066039663
