pair_id,clip_id,title,evidence_grade,kind,split_group,real_path,ai_path,real_source,ai_source,real_start,real_end,ai_start,ai_end,real_crop_xywh,ai_crop_xywh,dialogue,note
cn-jiang,flowers,花店生日 · 放店里卖吧,A,same_story,cn-jiang,clips/cn-jiang__flowers__real.mp4,clips/cn-jiang__flowers__ai.mp4,sources/expand-jiang-real.mp4,sources/expand-jiang-ai.mp4,32.1,43,27.8,36,"[0, 20, 720, 800]","[0, 20, 680, 800]",两版均讨论把花放在店里卖、家里没人看，随后提到生日与丈夫。REAL 与 AI 的用词和镜头顺序略有不同。,依原文件秒数分别截取；各自原速播放，不强行变速。对白摘要由源字幕与画面核对；独立 ASR 有错字和时间漂移，不是逐字对齐真值。
cn-jiang,marriage,婚姻独白 · 结婚证落灰,A,same_story,cn-jiang,clips/cn-jiang__marriage__real.mp4,clips/cn-jiang__marriage__ai.mp4,sources/expand-jiang-real.mp4,sources/expand-jiang-ai.mp4,45,54,36.1,44.5,"[0, 20, 720, 800]","[0, 20, 680, 800]",两版均提到结婚证压在床头柜里落灰，快忘了自己还有法律意义上的丈夫。,依原文件秒数分别截取；各自原速播放，不强行变速。对白摘要由源字幕与画面核对；独立 ASR 有错字和时间漂移，不是逐字对齐真值。
cn-jiang,phone,闺蜜来电 · 已经结婚了,A,same_story,cn-jiang,clips/cn-jiang__phone__real.mp4,clips/cn-jiang__phone__ai.mp4,sources/expand-jiang-real.mp4,sources/expand-jiang-ai.mp4,81.4,94.5,57,67.5,"[0, 20, 720, 800]","[0, 20, 680, 800]",两版都有“已经结婚了”的回应，闺蜜质疑没见过丈夫、邀约去酒吧。AI 中穿插眼部与手持花朵特写。,依原文件秒数分别截取；各自原速播放，不强行变速。对白摘要由源字幕与画面核对；独立 ASR 有错字和时间漂移，不是逐字对齐真值。
cn-jiang,agreement,相亲约定 · 安静与领证,A,same_story,cn-jiang,clips/cn-jiang__agreement__real.mp4,clips/cn-jiang__agreement__ai.mp4,sources/expand-jiang-real.mp4,sources/expand-jiang-ai.mp4,12.1,18,8.1,15.6,"[0, 20, 720, 800]","[0, 20, 680, 800]",两版均有“我喜欢安静”“那明天领证”。AI 插入“第三句话”旁白，男性镜头只覆盖部分面部。,依原文件秒数分别截取；各自原速播放，不强行变速。对白摘要由源字幕与画面核对；独立 ASR 有错字和时间漂移，不是逐字对齐真值。
cn-fuerdai,reaction,“什么意思” · 聚会交锋,A,same_story,cn-fuerdai,clips/cn-fuerdai__reaction__real.mp4,clips/cn-fuerdai__reaction__ai.mp4,sources/fuerdai-real.mp4,sources/fuerdai-ai-ep1.mp4,51.0,61.0,43.6,54.8,"[0, 40, 720, 760]","[0, 40, 720, 760]",两版都有“越来越像”“什么意思”“觉得你挺有意思”的连续交锋。局部文字按字幕核对，完整字幕为自动转写。,以源文件秒数记录两个独立窗口；各自原速播放，不拉伸时间，不做画面修复。 对白摘要为检索线索；完整 ASR 有错字、时间漂移，不能作为强制对齐真值。
cn-fuerdai,phone,低头看手机 · “观察得挺细”,A,same_story,cn-fuerdai,clips/cn-fuerdai__phone__real.mp4,clips/cn-fuerdai__phone__ai.mp4,sources/fuerdai-real.mp4,sources/fuerdai-ai-ep1.mp4,70,83.1,59,67.6,"[0, 40, 720, 760]","[0, 40, 720, 760]",两版均谈到服务员离开后低头看手机，随后回应“观察（得）还挺细”。,以源文件秒数记录两个独立窗口；各自原速播放，不拉伸时间，不做画面修复。 对白摘要为检索线索；完整 ASR 有错字、时间漂移，不能作为强制对齐真值。
cn-fuerdai,seated,问跑车型号 · “代步”回应,A,same_story,cn-fuerdai,clips/cn-fuerdai__seated__real.mp4,clips/cn-fuerdai__seated__ai.mp4,sources/fuerdai-real.mp4,sources/fuerdai-ai-ep1.mp4,37.5,50.8,37.6,43.8,"[0, 40, 720, 760]","[0, 40, 720, 760]","REAL：问麦凯伦型号，答“就一代步的，谁记什么型号啊”。
AI：问跑车型号，答“代步而已，没仔细记”。",以源文件秒数记录两个独立窗口；各自原速播放，不拉伸时间，不做画面修复。 对白摘要为检索线索；完整 ASR 有错字、时间漂移，不能作为强制对齐真值。
cn-fuerdai,drink,聚会 · 举杯、喝酒,A,same_story,cn-fuerdai,clips/cn-fuerdai__drink__real.mp4,clips/cn-fuerdai__drink__ai.mp4,sources/fuerdai-real.mp4,sources/fuerdai-ai-ep1.mp4,12.5,14.4,42.7,45.0,"[0, 40, 720, 760]","[0, 40, 720, 760]",[动作配对：拿杯、饮酒；不主张该窗口对白相同],以源文件秒数记录两个独立窗口；各自原速播放，不拉伸时间，不做画面修复。 对白摘要为检索线索；完整 ASR 有错字、时间漂移，不能作为强制对齐真值。 本段较短，含原片转场和 AI 切至空景；不用于连续面部运动指标。
cn-laotai,surprised,“这么大的琉璃” · 初到现代,A,same_story,cn-laotai,clips/cn-laotai__surprised__real.mp4,clips/cn-laotai__surprised__ai.mp4,sources/laotai-real.mp4,sources/laotai-ai.mp4,37,48,14.4,21.3,"[0, 40, 720, 800]","[0, 40, 720, 900]",两版都把现代建筑玻璃称作“琉璃”，并与村长家的传家宝比较。,以源文件秒数记录两个独立窗口；各自原速播放，不拉伸时间，不做画面修复。 对白摘要为检索线索；完整 ASR 有错字、时间漂移，不能作为强制对齐真值。
cn-laotai,conversation,招群演 · 街边交谈,A,same_story,cn-laotai,clips/cn-laotai__conversation__real.mp4,clips/cn-laotai__conversation__ai.mp4,sources/laotai-real.mp4,sources/laotai-ai.mp4,98,111.8,29.5,39.2,"[0, 40, 720, 800]","[0, 40, 720, 900]",两版均有“剧组招群演”“一天八十”“盒饭管饱”和“躺那装死”等招募内容。,以源文件秒数记录两个独立窗口；各自原速播放，不拉伸时间，不做画面修复。 对白摘要为检索线索；完整 ASR 有错字、时间漂移，不能作为强制对齐真值。
cn-laotai,food,老妇 · 向场务问话,A,same_story,cn-laotai,clips/cn-laotai__food__real.mp4,clips/cn-laotai__food__ai.mp4,sources/laotai-real.mp4,sources/laotai-ai.mp4,113,121.5,39.2,43.2,"[0, 40, 720, 800]","[0, 40, 720, 900]","REAL：“你刚刚说管饱？”随后表示什么活都能干。
AI：“管饭？能，大兄弟，这活我能干……”",以源文件秒数记录两个独立窗口；各自原速播放，不拉伸时间，不做画面修复。 对白摘要为检索线索；完整 ASR 有错字、时间漂移，不能作为强制对齐真值。
cn-laotai,bottle,“阿姨，给你瓶子” · 街边递物,A,same_story,cn-laotai,clips/cn-laotai__bottle__real.mp4,clips/cn-laotai__bottle__ai.mp4,sources/laotai-real.mp4,sources/laotai-ai.mp4,67.3,73.8,21.2,26.0,"[0, 40, 720, 800]","[0, 40, 720, 900]",两版都出现向老妇递瓶子、说“阿姨，给你（个）瓶子”的情节。,以源文件秒数记录两个独立窗口；各自原速播放，不拉伸时间，不做画面修复。 对白摘要为检索线索；完整 ASR 有错字、时间漂移，不能作为强制对齐真值。
cn-yuni-photo,recognition,容寄侨 · 重生后的辨认与凝视,B,same_story,cn-yuni,clips/cn-yuni-photo__recognition__real.mp4,clips/cn-yuni-photo__recognition__ai.mp4,sources/yuni-real.mp4,sources/yuni-alt-ai-preview.mp4,9.5,14.0,41.0,43.2,"[0, 80, 720, 750]","[0, 40, 720, 900]",[不同对白；同一重生后观察男主的情境],以源文件秒数记录两个独立窗口；各自原速播放，不拉伸时间，不做画面修复。 对白摘要为检索线索；完整 ASR 有错字、时间漂移，不能作为强制对齐真值。
cn-yuni-photo,man,段宴 · 室内说话与低头,B,same_story,cn-yuni,clips/cn-yuni-photo__man__real.mp4,clips/cn-yuni-photo__man__ai.mp4,sources/yuni-real.mp4,sources/yuni-alt-ai-preview.mp4,29.2,32.0,26.2,27.8,"[0, 80, 720, 750]","[0, 40, 720, 900]",[不同对白；见独立字幕],以源文件秒数记录两个独立窗口；各自原速播放，不拉伸时间，不做画面修复。 对白摘要为检索线索；完整 ASR 有错字、时间漂移，不能作为强制对齐真值。
cn-yuni-photo,memory,卧室 · 女性面部与双人交谈,B,same_story,cn-yuni,clips/cn-yuni-photo__memory__real.mp4,clips/cn-yuni-photo__memory__ai.mp4,sources/yuni-real.mp4,sources/yuni-alt-ai-preview.mp4,52.8,54.8,33.2,35.2,"[0, 80, 720, 750]","[0, 40, 720, 900]",[重生/旧事回忆语境，未按台词强制对齐],以源文件秒数记录两个独立窗口；各自原速播放，不拉伸时间，不做画面修复。 对白摘要为检索线索；完整 ASR 有错字、时间漂移，不能作为强制对齐真值。
cn-dongzhi-photo,future,一年后的安排 · 室内问答,A,same_story,cn-dongzhi,clips/cn-dongzhi-photo__future__real.mp4,clips/cn-dongzhi-photo__future__ai.mp4,sources/dongzhi-real.mp4,sources/dongzhi-alt-ai.mp4,27,46.5,21,35.5,"[0, 160, 720, 668]","[0, 40, 720, 760]",两版都讨论一年后的安排、婚姻和补偿；AI 版将部分内容压缩。,以源文件秒数记录两个独立窗口；各自原速播放，不拉伸时间，不做画面修复。 对白摘要为检索线索；完整 ASR 有错字、时间漂移，不能作为强制对齐真值。
cn-dongzhi-photo,couple,“培养感情” · 俯身交谈,A,same_story,cn-dongzhi,clips/cn-dongzhi-photo__couple__real.mp4,clips/cn-dongzhi-photo__couple__ai.mp4,sources/dongzhi-real.mp4,sources/dongzhi-alt-ai.mp4,123.0,127.0,77.5,81.5,"[0, 160, 720, 668]","[0, 40, 720, 760]",两版均提出先培养感情，并提到“五个月培养感情”。,以源文件秒数记录两个独立窗口；各自原速播放，不拉伸时间，不做画面修复。 对白摘要为检索线索；完整 ASR 有错字、时间漂移，不能作为强制对齐真值。
cn-dongzhi-photo,response,“那你可真乐观” · 反应镜头,A,same_story,cn-dongzhi,clips/cn-dongzhi-photo__response__real.mp4,clips/cn-dongzhi-photo__response__ai.mp4,sources/dongzhi-real.mp4,sources/dongzhi-alt-ai.mp4,112,119.2,73,80,"[0, 160, 720, 668]","[0, 40, 720, 760]",两侧均可听到“（那）你可真乐观”，并进入另一种方案的对话。,以源文件秒数记录两个独立窗口；各自原速播放，不拉伸时间，不做画面修复。 对白摘要为检索线索；完整 ASR 有错字、时间漂移，不能作为强制对齐真值。
